Region,S.No.,Company Name,Industry / Sector,Headquarter's Address,Years of Existence,Name,Decision Role,Email ID,Website,Telephone,Type of Shovel Required,Primary Use Case,Estimated Volume Requirement (Annual),Replacement Cycle,Existing Brands Used,Quality Preference,Price Sensitivity,Certifications Required,Sustainability Preference,Demand Attractive Score,Fit for OEM / Shovel Type,Lead Potential
North America,1,"BrightView Holdings, Inc.","Landscaping (commercial grounds maintenance, development, tree care)","980 Jolly Road, Suite 300, Blue Bell, PA 19422, USA; Main line: 844-235-7778",80 (),Mr. XX,Centralized Procurement & Branch Manager,xxabc.com,https://www.brightview.com,844-235-7778,Hand/garden shovels for crews; specialty shovel heads & handles; occasional excavator shovel/bucket attachments via equipment vendors,"Landscaping installation & maintenance, tree/planting, grounds work; snow and irrigation support","6,00010,000 hand/garden shovels (mix of round-point, trenching, square).",Annual to 23 years for hand tools (usage intensity  outdoor exposure),SiteOne Landscape Supply (procurement is frequently routed via national distributors),High-durability (pro/contractor-grade) to reduce downtime; brand-agnostic when specs met.,Medium: multi-branch procurement seeks TCO optimization (durability  cost),"OSHA workplace compliance; vendor QA (e.g., ISO 9001) where applicable",Documented corporate program emphasizing environmentally responsible equipment,5  largest national landscaper; continuous replenishment across 175 branches,4  strong fit for contractor-grade hand shovels; selective for heavy attachments through equipment partners.,Hot  scale  centralized sourcing  frequent replenishment.
North America,2,Atlas Supplies,Agriculture,"291 Commerce Blvd, Tokyo, Japan",94,Ahmed Patel,Operations Manager,ahmed.patelatlas.com,https://www.atlas.com,1-566-293-1720,Mining Rope Shovels,Road Work,7385 units/year,5 yrs,Bully Tools,Brand-specific,High,BIS Approved,Recycled materials and low-emission supply chain,3  moderate regional buyer,4  compatible with shovel categories,Warm  steady procurement
North America,3,Summit Corporation,Utilities,"412 Market Ave, Berlin, Germany",21,Emily Ali,Branch Buyer,emily.alisummit.com,https://www.summit.com,1-722-564-8413,Hydraulic Shovel Attachments,Utility Maintenance,8982 units/year,Annual,Stanley,High-durability,High,CE Certified,Eco-friendly steel with circular reuse,3  moderate regional buyer,3  potential for OEM fit,Warm  bulk sourcing
North America,4,Evergreen Holdings,Utilities,"142 Commerce Blvd, Tokyo, Japan",48,Emily Garcia,Supply Chain Director,emily.garciaevergreen.com,https://www.evergreen.com,1-492-785-9369,Hydraulic Shovel Attachments,Agriculture,10598 units/year,5 yrs,Stanley,High-durability,High,CE Certified,Minimal packaging waste policy,5  national-level procurement,4  compatible with shovel categories,Cold  steady procurement
North America,5,Summit Supplies,Landscaping,"362 Market Ave, Santiago, Chile",28,Emily Singh,Procurement Head,emily.singhsummit.com,https://www.summit.com,1-230-980-2233,Heavy Earthmoving Shovels,Utility Maintenance,7687 units/year,23 yrs,Truper,High-durability,Low,BIS Approved,Minimal packaging waste policy,5  national-level procurement,3  potential for OEM fit,Cold  steady procurement
North America,6,BlueRock Enterprises,Agriculture,"496 Market Ave, Dallas, TX",34,Ahmed Smith,Procurement Head,ahmed.smithbluerock.com,https://www.bluerock.com,1-368-452-4079,Hand/Garden Shovels,Road Work,2496 units/year,Annual,Truper,High-durability,High,BIS Approved,Recycled materials and low-emission supply chain,3  moderate regional buyer,3  potential for OEM fit,Hot  seasonal projects
North America,7,Pioneer Corporation,Agriculture,"818 Industrial Rd, Tokyo, Japan",62,Carlos Brown,Operations Manager,carlos.brownpioneer.com,https://www.pioneer.com,1-266-207-6082,Hydraulic Shovel Attachments,Mining,4337 units/year,Annual,Fiskars,High-durability,Medium,ISO 9001,Minimal packaging waste policy,5  national-level procurement,3  potential for OEM fit,Cold  bulk sourcing
North America,8,Summit Holdings,Landscaping,"290 Commerce Blvd, Berlin, Germany",50,Emily Ali,Procurement Head,emily.alisummit.com,https://www.summit.com,1-527-297-4543,Hand/Garden Shovels,Earthmoving,3172 units/year,5 yrs,Stanley,High-durability,Medium,OSHA Compliant,Recycled materials and low-emission supply chain,5  national-level procurement,5  high potential buyer,Cold  seasonal projects
North America,9,Pioneer Industries,Utilities,"334 Commerce Blvd, Santiago, Chile",18,Carlos Ali,Procurement Head,carlos.alipioneer.com,https://www.pioneer.com,1-532-505-9938,Hydraulic Shovel Attachments,Landscaping,7114 units/year,5 yrs,Fiskars,High-durability,Low,CE Certified,Recycled materials and low-emission supply chain,4  recurring shovel demand,3  potential for OEM fit,Hot  steady procurement
North America,10,Atlas Holdings,Construction,"456 Commerce Blvd, Dallas, TX",66,John Brown,Category Lead,john.brownatlas.com,https://www.atlas.com,1-830-394-7877,Hand/Garden Shovels,Utility Maintenance,3885 units/year,Annual,Stanley,Economy,Medium,BIS Approved,Eco-friendly steel with circular reuse,5  national-level procurement,3  potential for OEM fit,Cold  bulk sourcing
North America,11,Evergreen Holdings,Utilities,"386 Main St, Johannesburg, South Africa",53,Michael Singh,Category Lead,michael.singhevergreen.com,https://www.evergreen.com,1-404-860-1317,Hydraulic Shovel Attachments,Landscaping,6956 units/year,23 yrs,True Temper,High-durability,High,ISO 9001,No formal sustainability initiative,3  moderate regional buyer,4  compatible with shovel categories,Warm  seasonal projects
North America,12,Atlas Equipment,Agriculture,"260 Industrial Rd, Dubai, UAE",55,Omar Garcia,Supply Chain Director,omar.garciaatlas.com,https://www.atlas.com,1-315-742-3484,Hand/Garden Shovels,Earthmoving,5263 units/year,5 yrs,Bully Tools,High-durability,Medium,ISO 9001,Recycled materials and low-emission supply chain,3  moderate regional buyer,4  compatible with shovel categories,Hot  bulk sourcing
North America,13,Atlas Holdings,Agriculture,"516 Market Ave, Toronto, ON",46,Omar Johnson,Procurement Head,omar.johnsonatlas.com,https://www.atlas.com,1-784-742-7583,Mining Rope Shovels,Utility Maintenance,6243 units/year,23 yrs,Stanley,Brand-specific,Low,ISO 9001,Recycled materials and low-emission supply chain,4  recurring shovel demand,4  compatible with shovel categories,Cold  bulk sourcing
North America,14,Pioneer Corporation,Utilities,"964 Main St, Berlin, Germany",98,Omar Anderson,Supply Chain Director,omar.andersonpioneer.com,https://www.pioneer.com,1-501-774-5334,Mining Rope Shovels,Construction,8656 units/year,5 yrs,Truper,Brand-specific,Medium,ISO 9001,Eco-friendly steel with circular reuse,5  national-level procurement,5  high potential buyer,Warm  bulk sourcing
North America,15,Summit Corporation,Construction,"340 Main St, Dubai, UAE",99,Ahmed Brown,Supply Chain Director,ahmed.brownsummit.com,https://www.summit.com,1-536-317-7891,Hydraulic Shovel Attachments,Utility Maintenance,9295 units/year,23 yrs,Fiskars,Economy,Low,BIS Approved,Eco-friendly steel with circular reuse,5  national-level procurement,5  high potential buyer,Cold  bulk sourcing
North America,16,BlueRock Corporation,Agriculture,"162 Main St, Toronto, ON",57,Emily Brown,Supply Chain Director,emily.brownbluerock.com,https://www.bluerock.com,1-761-650-5924,Hydraulic Shovel Attachments,Agriculture,5579 units/year,23 yrs,Truper,Brand-specific,Low,OSHA Compliant,No formal sustainability initiative,4  recurring shovel demand,3  potential for OEM fit,Hot  bulk sourcing
North America,17,Frontier Industries,Agriculture,"828 Market Ave, Toronto, ON",35,Priya Johnson,Supply Chain Director,priya.johnsonfrontier.com,https://www.frontier.com,1-634-597-7141,Heavy Earthmoving Shovels,Earthmoving,2045 units/year,23 yrs,Truper,Brand-specific,Medium,OSHA Compliant,Eco-friendly steel with circular reuse,5  national-level procurement,4  compatible with shovel categories,Cold  steady procurement
North America,18,Evergreen Holdings,Landscaping,"737 Commerce Blvd, Tokyo, Japan",37,Carlos Johnson,Supply Chain Director,carlos.johnsonevergreen.com,https://www.evergreen.com,1-896-804-6822,Mining Rope Shovels,Mining,8023 units/year,5 yrs,Stanley,Economy,Low,OSHA Compliant,Recycled materials and low-emission supply chain,4  recurring shovel demand,3  potential for OEM fit,Warm  steady procurement
North America,19,Atlas Industries,Construction,"167 Commerce Blvd, Johannesburg, South Africa",63,Laura Miller,Supply Chain Director,laura.milleratlas.com,https://www.atlas.com,1-635-622-5098,Hand/Garden Shovels,Mining,3229 units/year,Annual,True Temper,Brand-specific,High,BIS Approved,Recycled materials and low-emission supply chain,3  moderate regional buyer,4  compatible with shovel categories,Cold  bulk sourcing
North America,20,Evergreen Industries,Landscaping,"249 Main St, Dubai, UAE",75,John Miller,Branch Buyer,john.millerevergreen.com,https://www.evergreen.com,1-710-403-2843,Mining Rope Shovels,Mining,2937 units/year,Annual,Fiskars,High-durability,High,CE Certified,Recycled materials and low-emission supply chain,5  national-level procurement,3  potential for OEM fit,Cold  seasonal projects
North America,21,Atlas Equipment,Utilities,"213 Industrial Rd, Johannesburg, South Africa",53,John Anderson,Supply Chain Director,john.andersonatlas.com,https://www.atlas.com,1-618-225-4448,Hand/Garden Shovels,Construction,11904 units/year,Annual,Stanley,Economy,Low,BIS Approved,No formal sustainability initiative,3  moderate regional buyer,3  potential for OEM fit,Warm  steady procurement
North America,22,Summit Enterprises,Utilities,"662 Main St, Berlin, Germany",64,Michael Patel,Procurement Head,michael.patelsummit.com,https://www.summit.com,1-362-260-5013,Mining Rope Shovels,Agriculture,9557 units/year,5 yrs,Truper,Economy,High,ISO 9001,Recycled materials and low-emission supply chain,4  recurring shovel demand,4  compatible with shovel categories,Hot  seasonal projects
North America,23,Pioneer Enterprises,Utilities,"220 Market Ave, Dallas, TX",45,John Brown,Procurement Head,john.brownpioneer.com,https://www.pioneer.com,1-443-834-8402,Mining Rope Shovels,Landscaping,7462 units/year,23 yrs,Fiskars,High-durability,High,BIS Approved,No formal sustainability initiative,3  moderate regional buyer,4  compatible with shovel categories,Cold  steady procurement
North America,24,Summit Supplies,Construction,"207 Main St, Tokyo, Japan",27,Omar Singh,Category Lead,omar.singhsummit.com,https://www.summit.com,1-600-498-5296,Mining Rope Shovels,Road Work,10314 units/year,23 yrs,Truper,High-durability,High,ISO 9001,No formal sustainability initiative,3  moderate regional buyer,4  compatible with shovel categories,Hot  steady procurement
North America,25,Pioneer Holdings,Utilities,"255 Commerce Blvd, Berlin, Germany",18,Laura Johnson,Supply Chain Director,laura.johnsonpioneer.com,https://www.pioneer.com,1-418-547-5091,Mining Rope Shovels,Road Work,6904 units/year,23 yrs,Bully Tools,High-durability,High,OSHA Compliant,Recycled materials and low-emission supply chain,3  moderate regional buyer,5  high potential buyer,Hot  seasonal projects
Latin America,2,BlueRock Supplies,Mining,"718 Main St, Johannesburg, South Africa",29,Ahmed Smith,Operations Manager,ahmed.smithbluerock.com,https://www.bluerock.com,1-372-682-1791,Hydraulic Shovel Attachments,Agriculture,4140 units/year,23 yrs,Stanley,High-durability,High,OSHA Compliant,Recycled materials and low-emission supply chain,3  moderate regional buyer,5  high potential buyer,Warm  seasonal projects
Latin America,3,Pioneer Supplies,Construction,"397 Main St, Santiago, Chile",66,Laura Singh,Procurement Head,laura.singhpioneer.com,https://www.pioneer.com,1-230-424-5832,Heavy Earthmoving Shovels,Earthmoving,3233 units/year,5 yrs,Fiskars,Economy,High,OSHA Compliant,No formal sustainability initiative,4  recurring shovel demand,3  potential for OEM fit,Warm  steady procurement
Latin America,4,Frontier Enterprises,Mining,"865 Market Ave, Berlin, Germany",56,Sarah Brown,Operations Manager,sarah.brownfrontier.com,https://www.frontier.com,1-842-278-9241,Hand/Garden Shovels,Road Work,3338 units/year,5 yrs,Stanley,High-durability,Medium,CE Certified,Recycled materials and low-emission supply chain,4  recurring shovel demand,3  potential for OEM fit,Hot  bulk sourcing
Latin America,5,BlueRock Equipment,Construction,"979 Main St, Berlin, Germany",16,Emily Smith,Procurement Head,emily.smithbluerock.com,https://www.bluerock.com,1-284-484-4442,Hydraulic Shovel Attachments,Utility Maintenance,5498 units/year,Annual,Truper,High-durability,Medium,ISO 9001,Minimal packaging waste policy,3  moderate regional buyer,4  compatible with shovel categories,Cold  seasonal projects
Latin America,6,Frontier Equipment,Construction,"688 Main St, Johannesburg, South Africa",61,Carlos Brown,Supply Chain Director,carlos.brownfrontier.com,https://www.frontier.com,1-402-733-2911,Heavy Earthmoving Shovels,Earthmoving,4105 units/year,5 yrs,True Temper,High-durability,Low,ISO 9001,Minimal packaging waste policy,4  recurring shovel demand,5  high potential buyer,Warm  steady procurement
Latin America,7,Pioneer Equipment,Construction,"616 Main St, Dallas, TX",33,Priya Singh,Operations Manager,priya.singhpioneer.com,https://www.pioneer.com,1-376-221-3196,Hydraulic Shovel Attachments,Landscaping,8854 units/year,Annual,Truper,Brand-specific,Medium,CE Certified,Minimal packaging waste policy,4  recurring shovel demand,4  compatible with shovel categories,Warm  steady procurement
Latin America,8,Frontier Industries,Mining,"406 Commerce Blvd, Tokyo, Japan",37,Omar Anderson,Supply Chain Director,omar.andersonfrontier.com,https://www.frontier.com,1-243-367-4931,Hand/Garden Shovels,Road Work,9491 units/year,Annual,Stanley,Economy,Medium,BIS Approved,Minimal packaging waste policy,5  national-level procurement,5  high potential buyer,Hot  seasonal projects
Latin America,9,Atlas Supplies,Construction,"302 Market Ave, Berlin, Germany",21,Carlos Smith,Procurement Head,carlos.smithatlas.com,https://www.atlas.com,1-338-308-7920,Heavy Earthmoving Shovels,Utility Maintenance,9240 units/year,23 yrs,Bully Tools,High-durability,Medium,CE Certified,Eco-friendly steel with circular reuse,5  national-level procurement,4  compatible with shovel categories,Cold  seasonal projects
Latin America,10,Frontier Supplies,Construction,"126 Main St, Toronto, ON",37,Sarah Ali,Branch Buyer,sarah.alifrontier.com,https://www.frontier.com,1-494-708-9676,Hand/Garden Shovels,Construction,6082 units/year,5 yrs,Stanley,Economy,High,BIS Approved,Minimal packaging waste policy,3  moderate regional buyer,3  potential for OEM fit,Warm  seasonal projects
Latin America,11,Summit Corporation,Construction,"445 Main St, Santiago, Chile",99,Omar Singh,Supply Chain Director,omar.singhsummit.com,https://www.summit.com,1-302-308-8091,Hydraulic Shovel Attachments,Road Work,6598 units/year,23 yrs,Truper,Brand-specific,Medium,CE Certified,No formal sustainability initiative,4  recurring shovel demand,4  compatible with shovel categories,Cold  seasonal projects
Latin America,12,Atlas Corporation,Mining,"648 Market Ave, Toronto, ON",82,Sarah Ali,Procurement Head,sarah.aliatlas.com,https://www.atlas.com,1-206-855-9598,Hand/Garden Shovels,Agriculture,5951 units/year,5 yrs,Bully Tools,Economy,Low,CE Certified,No formal sustainability initiative,3  moderate regional buyer,4  compatible with shovel categories,Cold  seasonal projects
Latin America,13,Summit Corporation,Mining,"864 Main St, Johannesburg, South Africa",31,Laura Ali,Supply Chain Director,laura.alisummit.com,https://www.summit.com,1-781-895-9793,Mining Rope Shovels,Agriculture,2032 units/year,Annual,True Temper,Brand-specific,High,OSHA Compliant,Minimal packaging waste policy,5  national-level procurement,3  potential for OEM fit,Warm  steady procurement
Latin America,14,Pioneer Supplies,Agriculture,"155 Industrial Rd, Johannesburg, South Africa",43,Omar Brown,Operations Manager,omar.brownpioneer.com,https://www.pioneer.com,1-403-774-1362,Mining Rope Shovels,Agriculture,4446 units/year,5 yrs,Fiskars,Brand-specific,Low,CE Certified,Minimal packaging waste policy,4  recurring shovel demand,4  compatible with shovel categories,Cold  seasonal projects
Latin America,15,Summit Corporation,Mining,"884 Industrial Rd, Johannesburg, South Africa",96,David Miller,Supply Chain Director,david.millersummit.com,https://www.summit.com,1-220-450-4885,Mining Rope Shovels,Landscaping,11113 units/year,Annual,Bully Tools,Brand-specific,Medium,ISO 9001,Minimal packaging waste policy,5  national-level procurement,4  compatible with shovel categories,Warm  steady procurement
Latin America,16,Summit Holdings,Mining,"393 Industrial Rd, Berlin, Germany",98,David Patel,Procurement Head,david.patelsummit.com,https://www.summit.com,1-996-708-4591,Mining Rope Shovels,Landscaping,10578 units/year,23 yrs,True Temper,Brand-specific,Low,CE Certified,Recycled materials and low-emission supply chain,5  national-level procurement,3  potential for OEM fit,Cold  seasonal projects
Latin America,17,Frontier Corporation,Mining,"770 Industrial Rd, Tokyo, Japan",27,Priya Brown,Branch Buyer,priya.brownfrontier.com,https://www.frontier.com,1-329-677-4441,Hand/Garden Shovels,Agriculture,8837 units/year,5 yrs,Truper,High-durability,Low,ISO 9001,No formal sustainability initiative,3  moderate regional buyer,3  potential for OEM fit,Warm  steady procurement
Latin America,18,Evergreen Corporation,Mining,"912 Commerce Blvd, Santiago, Chile",19,Michael Patel,Branch Buyer,michael.patelevergreen.com,https://www.evergreen.com,1-755-373-4213,Hydraulic Shovel Attachments,Earthmoving,10787 units/year,23 yrs,Fiskars,Brand-specific,Medium,BIS Approved,Eco-friendly steel with circular reuse,4  recurring shovel demand,4  compatible with shovel categories,Warm  seasonal projects
Latin America,19,BlueRock Enterprises,Mining,"736 Commerce Blvd, Toronto, ON",35,Omar Miller,Operations Manager,omar.millerbluerock.com,https://www.bluerock.com,1-367-636-5961,Hand/Garden Shovels,Agriculture,3738 units/year,5 yrs,Fiskars,Economy,High,OSHA Compliant,Recycled materials and low-emission supply chain,3  moderate regional buyer,3  potential for OEM fit,Warm  bulk sourcing
Latin America,20,Evergreen Corporation,Mining,"945 Main St, Dallas, TX",88,Michael Patel,Branch Buyer,michael.patelevergreen.com,https://www.evergreen.com,1-770-379-2690,Hand/Garden Shovels,Construction,7724 units/year,5 yrs,Stanley,High-durability,Medium,BIS Approved,Minimal packaging waste policy,3  moderate regional buyer,5  high potential buyer,Warm  steady procurement
Latin America,21,Pioneer Industries,Agriculture,"817 Industrial Rd, Dubai, UAE",58,Emily Johnson,Branch Buyer,emily.johnsonpioneer.com,https://www.pioneer.com,1-636-208-1784,Heavy Earthmoving Shovels,Agriculture,3385 units/year,23 yrs,True Temper,Economy,Low,OSHA Compliant,No formal sustainability initiative,5  national-level procurement,5  high potential buyer,Cold  steady procurement
Latin America,22,Frontier Corporation,Mining,"467 Commerce Blvd, Dallas, TX",54,Omar Singh,Operations Manager,omar.singhfrontier.com,https://www.frontier.com,1-784-361-7555,Hand/Garden Shovels,Construction,8737 units/year,Annual,True Temper,Brand-specific,Low,OSHA Compliant,No formal sustainability initiative,4  recurring shovel demand,5  high potential buyer,Hot  seasonal projects
Latin America,23,Frontier Enterprises,Mining,"290 Commerce Blvd, Tokyo, Japan",13,Carlos Patel,Procurement Head,carlos.patelfrontier.com,https://www.frontier.com,1-494-987-3800,Hand/Garden Shovels,Road Work,7299 units/year,5 yrs,Truper,Brand-specific,Medium,OSHA Compliant,Eco-friendly steel with circular reuse,5  national-level procurement,3  potential for OEM fit,Cold  seasonal projects
Latin America,24,Summit Supplies,Construction,"861 Commerce Blvd, Santiago, Chile",97,Omar Anderson,Procurement Head,omar.andersonsummit.com,https://www.summit.com,1-365-301-1162,Hand/Garden Shovels,Landscaping,10441 units/year,5 yrs,Fiskars,Economy,Low,CE Certified,Minimal packaging waste policy,5  national-level procurement,5  high potential buyer,Cold  steady procurement
Latin America,25,Evergreen Supplies,Agriculture,"494 Main St, Dubai, UAE",70,Laura Ali,Operations Manager,laura.alievergreen.com,https://www.evergreen.com,1-935-459-3751,Hand/Garden Shovels,Road Work,7266 units/year,5 yrs,True Temper,Brand-specific,High,OSHA Compliant,No formal sustainability initiative,3  moderate regional buyer,4  compatible with shovel categories,Warm  seasonal projects
Europe,2,Atlas Holdings,Infrastructure,"977 Industrial Rd, Tokyo, Japan",12,Michael Garcia,Supply Chain Director,michael.garciaatlas.com,https://www.atlas.com,1-558-893-2845,Mining Rope Shovels,Construction,9045 units/year,Annual,Fiskars,Economy,Medium,BIS Approved,No formal sustainability initiative,5  national-level procurement,5  high potential buyer,Warm  bulk sourcing
Europe,3,BlueRock Corporation,Infrastructure,"940 Industrial Rd, Santiago, Chile",67,Priya Johnson,Category Lead,priya.johnsonbluerock.com,https://www.bluerock.com,1-685-840-9993,Mining Rope Shovels,Landscaping,9282 units/year,Annual,True Temper,High-durability,High,ISO 9001,Minimal packaging waste policy,5  national-level procurement,4  compatible with shovel categories,Cold  bulk sourcing
Europe,4,Pioneer Enterprises,Construction,"790 Main St, Santiago, Chile",45,Laura Brown,Supply Chain Director,laura.brownpioneer.com,https://www.pioneer.com,1-300-599-8887,Hydraulic Shovel Attachments,Road Work,9997 units/year,23 yrs,True Temper,High-durability,Medium,OSHA Compliant,Recycled materials and low-emission supply chain,3  moderate regional buyer,4  compatible with shovel categories,Cold  seasonal projects
Europe,5,Summit Industries,Municipal Services,"120 Main St, Dallas, TX",86,Emily Ali,Procurement Head,emily.alisummit.com,https://www.summit.com,1-719-572-6566,Hand/Garden Shovels,Utility Maintenance,6263 units/year,Annual,Truper,High-durability,High,CE Certified,Minimal packaging waste policy,3  moderate regional buyer,3  potential for OEM fit,Cold  bulk sourcing
Europe,6,BlueRock Corporation,Municipal Services,"508 Market Ave, Dallas, TX",59,Laura Anderson,Operations Manager,laura.andersonbluerock.com,https://www.bluerock.com,1-828-601-6178,Heavy Earthmoving Shovels,Road Work,5755 units/year,23 yrs,Fiskars,Economy,High,OSHA Compliant,Minimal packaging waste policy,5  national-level procurement,5  high potential buyer,Warm  bulk sourcing
Europe,7,BlueRock Equipment,Municipal Services,"259 Industrial Rd, Toronto, ON",80,Michael Brown,Procurement Head,michael.brownbluerock.com,https://www.bluerock.com,1-985-728-7090,Hydraulic Shovel Attachments,Construction,8732 units/year,Annual,Truper,Economy,Low,BIS Approved,Recycled materials and low-emission supply chain,4  recurring shovel demand,3  potential for OEM fit,Hot  steady procurement
Europe,8,Summit Corporation,Infrastructure,"623 Commerce Blvd, Tokyo, Japan",93,David Miller,Supply Chain Director,david.millersummit.com,https://www.summit.com,1-883-624-2936,Heavy Earthmoving Shovels,Construction,4747 units/year,5 yrs,Fiskars,High-durability,Low,CE Certified,Minimal packaging waste policy,4  recurring shovel demand,5  high potential buyer,Cold  steady procurement
Europe,9,Frontier Supplies,Construction,"290 Market Ave, Toronto, ON",15,Laura Anderson,Procurement Head,laura.andersonfrontier.com,https://www.frontier.com,1-732-944-2451,Hand/Garden Shovels,Landscaping,9712 units/year,5 yrs,Fiskars,Economy,Medium,OSHA Compliant,Recycled materials and low-emission supply chain,5  national-level procurement,5  high potential buyer,Cold  bulk sourcing
Europe,10,Evergreen Industries,Infrastructure,"696 Market Ave, Santiago, Chile",74,John Garcia,Supply Chain Director,john.garciaevergreen.com,https://www.evergreen.com,1-420-796-7184,Mining Rope Shovels,Earthmoving,9480 units/year,23 yrs,Truper,High-durability,Medium,ISO 9001,No formal sustainability initiative,4  recurring shovel demand,4  compatible with shovel categories,Hot  steady procurement
Europe,11,Summit Corporation,Municipal Services,"200 Market Ave, Dallas, TX",32,Ahmed Johnson,Supply Chain Director,ahmed.johnsonsummit.com,https://www.summit.com,1-464-701-9320,Mining Rope Shovels,Construction,11744 units/year,5 yrs,True Temper,Brand-specific,Medium,CE Certified,Eco-friendly steel with circular reuse,4  recurring shovel demand,5  high potential buyer,Warm  steady procurement
Europe,12,BlueRock Holdings,Construction,"718 Commerce Blvd, Berlin, Germany",54,Michael Ali,Supply Chain Director,michael.alibluerock.com,https://www.bluerock.com,1-801-323-1364,Hand/Garden Shovels,Utility Maintenance,2766 units/year,23 yrs,Truper,High-durability,Medium,CE Certified,Minimal packaging waste policy,3  moderate regional buyer,3  potential for OEM fit,Hot  steady procurement
Europe,13,Pioneer Industries,Municipal Services,"218 Main St, Dubai, UAE",71,Priya Garcia,Supply Chain Director,priya.garciapioneer.com,https://www.pioneer.com,1-325-693-3472,Hydraulic Shovel Attachments,Construction,6390 units/year,23 yrs,True Temper,Brand-specific,Low,ISO 9001,No formal sustainability initiative,3  moderate regional buyer,5  high potential buyer,Cold  steady procurement
Europe,14,Summit Industries,Municipal Services,"634 Commerce Blvd, Berlin, Germany",24,Priya Patel,Operations Manager,priya.patelsummit.com,https://www.summit.com,1-890-676-4463,Heavy Earthmoving Shovels,Landscaping,3188 units/year,5 yrs,Bully Tools,Economy,Low,OSHA Compliant,Eco-friendly steel with circular reuse,5  national-level procurement,3  potential for OEM fit,Warm  steady procurement
Europe,15,Frontier Enterprises,Infrastructure,"457 Main St, Johannesburg, South Africa",80,John Johnson,Operations Manager,john.johnsonfrontier.com,https://www.frontier.com,1-713-367-6727,Heavy Earthmoving Shovels,Mining,9444 units/year,23 yrs,Fiskars,Economy,Medium,CE Certified,Recycled materials and low-emission supply chain,5  national-level procurement,3  potential for OEM fit,Warm  seasonal projects
Europe,16,BlueRock Holdings,Municipal Services,"407 Industrial Rd, Dallas, TX",68,John Miller,Operations Manager,john.millerbluerock.com,https://www.bluerock.com,1-841-549-4582,Heavy Earthmoving Shovels,Agriculture,7133 units/year,5 yrs,Fiskars,Economy,High,ISO 9001,Eco-friendly steel with circular reuse,5  national-level procurement,4  compatible with shovel categories,Warm  bulk sourcing
Europe,17,BlueRock Equipment,Infrastructure,"908 Commerce Blvd, Johannesburg, South Africa",44,Carlos Garcia,Operations Manager,carlos.garciabluerock.com,https://www.bluerock.com,1-382-938-4778,Heavy Earthmoving Shovels,Utility Maintenance,10931 units/year,Annual,Stanley,High-durability,Low,CE Certified,Recycled materials and low-emission supply chain,5  national-level procurement,5  high potential buyer,Warm  bulk sourcing
Europe,18,Evergreen Equipment,Municipal Services,"489 Main St, Tokyo, Japan",80,Emily Patel,Procurement Head,emily.patelevergreen.com,https://www.evergreen.com,1-632-920-5020,Mining Rope Shovels,Earthmoving,5747 units/year,23 yrs,Truper,Brand-specific,Low,ISO 9001,Recycled materials and low-emission supply chain,4  recurring shovel demand,5  high potential buyer,Warm  steady procurement
Europe,19,Pioneer Holdings,Municipal Services,"498 Commerce Blvd, Tokyo, Japan",40,Priya Miller,Branch Buyer,priya.millerpioneer.com,https://www.pioneer.com,1-516-593-8264,Hand/Garden Shovels,Agriculture,4175 units/year,23 yrs,Stanley,Economy,Low,ISO 9001,No formal sustainability initiative,4  recurring shovel demand,5  high potential buyer,Hot  steady procurement
Europe,20,Evergreen Holdings,Municipal Services,"446 Industrial Rd, Dubai, UAE",87,David Ali,Category Lead,david.alievergreen.com,https://www.evergreen.com,1-379-770-2042,Hand/Garden Shovels,Mining,5042 units/year,Annual,Fiskars,High-durability,Medium,CE Certified,Minimal packaging waste policy,3  moderate regional buyer,5  high potential buyer,Cold  seasonal projects
Europe,21,Atlas Enterprises,Construction,"183 Commerce Blvd, Tokyo, Japan",31,Omar Brown,Operations Manager,omar.brownatlas.com,https://www.atlas.com,1-609-411-5024,Heavy Earthmoving Shovels,Agriculture,3709 units/year,23 yrs,True Temper,Economy,Low,CE Certified,Recycled materials and low-emission supply chain,5  national-level procurement,3  potential for OEM fit,Warm  steady procurement
Europe,22,Evergreen Equipment,Municipal Services,"937 Commerce Blvd, Toronto, ON",33,Ahmed Anderson,Procurement Head,ahmed.andersonevergreen.com,https://www.evergreen.com,1-488-338-7087,Mining Rope Shovels,Earthmoving,9734 units/year,5 yrs,Fiskars,Brand-specific,Low,CE Certified,Recycled materials and low-emission supply chain,3  moderate regional buyer,3  potential for OEM fit,Hot  bulk sourcing
Europe,23,Pioneer Enterprises,Municipal Services,"875 Market Ave, Santiago, Chile",22,Priya Johnson,Operations Manager,priya.johnsonpioneer.com,https://www.pioneer.com,1-471-729-9406,Mining Rope Shovels,Earthmoving,2263 units/year,23 yrs,Fiskars,Brand-specific,Medium,BIS Approved,Eco-friendly steel with circular reuse,3  moderate regional buyer,4  compatible with shovel categories,Hot  steady procurement
Europe,24,Frontier Enterprises,Construction,"788 Main St, Santiago, Chile",45,Omar Anderson,Procurement Head,omar.andersonfrontier.com,https://www.frontier.com,1-325-288-8729,Mining Rope Shovels,Utility Maintenance,5183 units/year,23 yrs,Stanley,Brand-specific,High,OSHA Compliant,Recycled materials and low-emission supply chain,5  national-level procurement,5  high potential buyer,Hot  steady procurement
Europe,25,BlueRock Supplies,Municipal Services,"893 Main St, Johannesburg, South Africa",87,Michael Smith,Operations Manager,michael.smithbluerock.com,https://www.bluerock.com,1-645-860-4413,Hand/Garden Shovels,Landscaping,3126 units/year,23 yrs,True Temper,Economy,High,OSHA Compliant,Minimal packaging waste policy,4  recurring shovel demand,4  compatible with shovel categories,Cold  bulk sourcing
Asia Pacific,2,Frontier Corporation,Mining,"922 Main St, Dubai, UAE",13,Omar Smith,Operations Manager,omar.smithfrontier.com,https://www.frontier.com,1-980-230-5146,Hand/Garden Shovels,Construction,9582 units/year,23 yrs,Bully Tools,Brand-specific,Medium,OSHA Compliant,No formal sustainability initiative,5  national-level procurement,4  compatible with shovel categories,Cold  bulk sourcing
Asia Pacific,3,Frontier Holdings,Agriculture,"880 Industrial Rd, Tokyo, Japan",65,Priya Singh,Branch Buyer,priya.singhfrontier.com,https://www.frontier.com,1-970-829-9232,Heavy Earthmoving Shovels,Construction,11217 units/year,5 yrs,Bully Tools,High-durability,Low,BIS Approved,Minimal packaging waste policy,4  recurring shovel demand,3  potential for OEM fit,Hot  bulk sourcing
Asia Pacific,4,BlueRock Holdings,Mining,"369 Main St, Johannesburg, South Africa",51,Carlos Miller,Operations Manager,carlos.millerbluerock.com,https://www.bluerock.com,1-612-420-7178,Mining Rope Shovels,Landscaping,7226 units/year,5 yrs,Bully Tools,High-durability,Low,CE Certified,No formal sustainability initiative,3  moderate regional buyer,5  high potential buyer,Hot  seasonal projects
Asia Pacific,5,BlueRock Corporation,Agriculture,"970 Main St, Tokyo, Japan",10,David Anderson,Procurement Head,david.andersonbluerock.com,https://www.bluerock.com,1-234-758-8133,Mining Rope Shovels,Agriculture,6006 units/year,5 yrs,Stanley,Economy,Low,CE Certified,Minimal packaging waste policy,5  national-level procurement,3  potential for OEM fit,Warm  seasonal projects
Asia Pacific,6,Evergreen Supplies,Mining,"960 Main St, Johannesburg, South Africa",80,Omar Garcia,Category Lead,omar.garciaevergreen.com,https://www.evergreen.com,1-528-310-4140,Hydraulic Shovel Attachments,Utility Maintenance,8807 units/year,Annual,Stanley,High-durability,Low,BIS Approved,Minimal packaging waste policy,3  moderate regional buyer,3  potential for OEM fit,Warm  steady procurement
Asia Pacific,7,Summit Supplies,Agriculture,"481 Commerce Blvd, Dallas, TX",86,Omar Brown,Category Lead,omar.brownsummit.com,https://www.summit.com,1-372-619-8324,Mining Rope Shovels,Construction,4333 units/year,23 yrs,Stanley,High-durability,Medium,BIS Approved,No formal sustainability initiative,3  moderate regional buyer,3  potential for OEM fit,Cold  bulk sourcing
Asia Pacific,8,Summit Holdings,Mining,"666 Market Ave, Tokyo, Japan",20,Michael Miller,Operations Manager,michael.millersummit.com,https://www.summit.com,1-382-511-7323,Mining Rope Shovels,Utility Maintenance,7735 units/year,23 yrs,Fiskars,High-durability,Medium,CE Certified,Minimal packaging waste policy,4  recurring shovel demand,3  potential for OEM fit,Hot  steady procurement
Asia Pacific,9,Evergreen Corporation,Industrial Equipment,"309 Commerce Blvd, Johannesburg, South Africa",34,Michael Smith,Branch Buyer,michael.smithevergreen.com,https://www.evergreen.com,1-995-636-5389,Mining Rope Shovels,Utility Maintenance,4567 units/year,23 yrs,True Temper,High-durability,Medium,CE Certified,Recycled materials and low-emission supply chain,3  moderate regional buyer,5  high potential buyer,Warm  seasonal projects
Asia Pacific,10,Evergreen Equipment,Agriculture,"464 Market Ave, Berlin, Germany",19,Michael Anderson,Category Lead,michael.andersonevergreen.com,https://www.evergreen.com,1-873-509-7437,Hydraulic Shovel Attachments,Utility Maintenance,4384 units/year,5 yrs,Fiskars,High-durability,High,ISO 9001,No formal sustainability initiative,4  recurring shovel demand,5  high potential buyer,Warm  bulk sourcing
Asia Pacific,11,BlueRock Corporation,Industrial Equipment,"633 Market Ave, Dallas, TX",65,Carlos Miller,Branch Buyer,carlos.millerbluerock.com,https://www.bluerock.com,1-904-904-3532,Hydraulic Shovel Attachments,Earthmoving,4222 units/year,Annual,Stanley,Brand-specific,High,OSHA Compliant,No formal sustainability initiative,4  recurring shovel demand,4  compatible with shovel categories,Hot  steady procurement
Asia Pacific,12,Evergreen Industries,Mining,"761 Commerce Blvd, Toronto, ON",43,John Brown,Category Lead,john.brownevergreen.com,https://www.evergreen.com,1-883-717-1877,Mining Rope Shovels,Agriculture,3258 units/year,23 yrs,True Temper,High-durability,High,CE Certified,Minimal packaging waste policy,5  national-level procurement,4  compatible with shovel categories,Cold  steady procurement
Asia Pacific,13,Evergreen Industries,Industrial Equipment,"707 Market Ave, Toronto, ON",27,Ahmed Johnson,Supply Chain Director,ahmed.johnsonevergreen.com,https://www.evergreen.com,1-620-668-1352,Mining Rope Shovels,Construction,3681 units/year,5 yrs,Truper,Brand-specific,Medium,CE Certified,No formal sustainability initiative,3  moderate regional buyer,3  potential for OEM fit,Cold  bulk sourcing
Asia Pacific,14,Atlas Industries,Agriculture,"228 Market Ave, Dubai, UAE",92,David Garcia,Supply Chain Director,david.garciaatlas.com,https://www.atlas.com,1-287-271-2759,Hand/Garden Shovels,Road Work,7472 units/year,Annual,Bully Tools,Economy,Low,BIS Approved,No formal sustainability initiative,5  national-level procurement,4  compatible with shovel categories,Warm  bulk sourcing
Asia Pacific,15,Frontier Enterprises,Industrial Equipment,"823 Industrial Rd, Santiago, Chile",81,Michael Smith,Branch Buyer,michael.smithfrontier.com,https://www.frontier.com,1-737-812-4083,Mining Rope Shovels,Mining,6322 units/year,5 yrs,Stanley,Economy,Low,ISO 9001,Recycled materials and low-emission supply chain,4  recurring shovel demand,4  compatible with shovel categories,Cold  bulk sourcing
Asia Pacific,16,Frontier Equipment,Industrial Equipment,"449 Main St, Dubai, UAE",29,Priya Anderson,Branch Buyer,priya.andersonfrontier.com,https://www.frontier.com,1-714-679-9907,Hand/Garden Shovels,Construction,3743 units/year,23 yrs,Bully Tools,Brand-specific,Low,OSHA Compliant,No formal sustainability initiative,4  recurring shovel demand,4  compatible with shovel categories,Hot  seasonal projects
Asia Pacific,17,Summit Holdings,Industrial Equipment,"768 Market Ave, Santiago, Chile",16,Omar Brown,Procurement Head,omar.brownsummit.com,https://www.summit.com,1-578-302-8926,Heavy Earthmoving Shovels,Agriculture,5946 units/year,Annual,Bully Tools,High-durability,Low,BIS Approved,No formal sustainability initiative,5  national-level procurement,4  compatible with shovel categories,Warm  bulk sourcing
Asia Pacific,18,Evergreen Holdings,Industrial Equipment,"754 Commerce Blvd, Tokyo, Japan",23,Emily Patel,Supply Chain Director,emily.patelevergreen.com,https://www.evergreen.com,1-506-958-4947,Hand/Garden Shovels,Mining,5578 units/year,Annual,Stanley,Brand-specific,Low,OSHA Compliant,Eco-friendly steel with circular reuse,4  recurring shovel demand,5  high potential buyer,Warm  bulk sourcing
Asia Pacific,19,Pioneer Enterprises,Industrial Equipment,"906 Commerce Blvd, Johannesburg, South Africa",97,John Garcia,Branch Buyer,john.garciapioneer.com,https://www.pioneer.com,1-423-206-6079,Hand/Garden Shovels,Mining,9930 units/year,Annual,Truper,Economy,Medium,ISO 9001,Recycled materials and low-emission supply chain,3  moderate regional buyer,5  high potential buyer,Warm  steady procurement
Asia Pacific,20,BlueRock Enterprises,Agriculture,"790 Commerce Blvd, Toronto, ON",29,Sarah Patel,Operations Manager,sarah.patelbluerock.com,https://www.bluerock.com,1-319-855-3322,Heavy Earthmoving Shovels,Construction,9539 units/year,Annual,Fiskars,Economy,Low,CE Certified,Recycled materials and low-emission supply chain,5  national-level procurement,4  compatible with shovel categories,Hot  seasonal projects
Asia Pacific,21,Summit Corporation,Mining,"685 Commerce Blvd, Toronto, ON",31,Ahmed Patel,Supply Chain Director,ahmed.patelsummit.com,https://www.summit.com,1-519-301-4339,Heavy Earthmoving Shovels,Utility Maintenance,6463 units/year,23 yrs,Fiskars,Brand-specific,Low,CE Certified,No formal sustainability initiative,4  recurring shovel demand,4  compatible with shovel categories,Cold  steady procurement
Asia Pacific,22,Frontier Supplies,Mining,"225 Market Ave, Santiago, Chile",71,Carlos Anderson,Supply Chain Director,carlos.andersonfrontier.com,https://www.frontier.com,1-795-212-5639,Heavy Earthmoving Shovels,Construction,3619 units/year,Annual,True Temper,Brand-specific,High,BIS Approved,No formal sustainability initiative,3  moderate regional buyer,5  high potential buyer,Cold  steady procurement
Asia Pacific,23,Pioneer Supplies,Agriculture,"766 Commerce Blvd, Johannesburg, South Africa",86,Laura Anderson,Procurement Head,laura.andersonpioneer.com,https://www.pioneer.com,1-273-417-3197,Hand/Garden Shovels,Earthmoving,3260 units/year,23 yrs,Bully Tools,Economy,Low,CE Certified,No formal sustainability initiative,5  national-level procurement,5  high potential buyer,Hot  bulk sourcing
Asia Pacific,24,Atlas Supplies,Mining,"473 Industrial Rd, Berlin, Germany",32,Omar Garcia,Branch Buyer,omar.garciaatlas.com,https://www.atlas.com,1-887-281-7301,Heavy Earthmoving Shovels,Road Work,3404 units/year,5 yrs,Bully Tools,Economy,Medium,ISO 9001,No formal sustainability initiative,3  moderate regional buyer,3  potential for OEM fit,Hot  bulk sourcing
Asia Pacific,25,Atlas Industries,Agriculture,"487 Main St, Johannesburg, South Africa",92,Omar Garcia,Procurement Head,omar.garciaatlas.com,https://www.atlas.com,1-281-289-9213,Mining Rope Shovels,Construction,5783 units/year,23 yrs,Fiskars,Brand-specific,Low,BIS Approved,Eco-friendly steel with circular reuse,5  national-level procurement,3  potential for OEM fit,Cold  bulk sourcing
Middle East & Africa,2,Pioneer Corporation,Construction,"344 Commerce Blvd, Dallas, TX",20,Emily Smith,Branch Buyer,emily.smithpioneer.com,https://www.pioneer.com,1-864-986-2603,Mining Rope Shovels,Landscaping,3323 units/year,5 yrs,Bully Tools,Brand-specific,High,ISO 9001,Recycled materials and low-emission supply chain,5  national-level procurement,4  compatible with shovel categories,Hot  bulk sourcing
Middle East & Africa,3,Atlas Equipment,Construction,"115 Commerce Blvd, Berlin, Germany",24,David Patel,Operations Manager,david.patelatlas.com,https://www.atlas.com,1-575-761-4362,Heavy Earthmoving Shovels,Construction,8392 units/year,5 yrs,True Temper,High-durability,Medium,ISO 9001,Eco-friendly steel with circular reuse,3  moderate regional buyer,5  high potential buyer,Hot  bulk sourcing
Middle East & Africa,4,Frontier Industries,Construction,"784 Main St, Santiago, Chile",31,Carlos Singh,Branch Buyer,carlos.singhfrontier.com,https://www.frontier.com,1-375-344-3951,Heavy Earthmoving Shovels,Mining,10774 units/year,Annual,Stanley,Brand-specific,High,CE Certified,Eco-friendly steel with circular reuse,3  moderate regional buyer,4  compatible with shovel categories,Hot  seasonal projects
Middle East & Africa,5,Pioneer Industries,Construction,"580 Industrial Rd, Dubai, UAE",95,Ahmed Singh,Branch Buyer,ahmed.singhpioneer.com,https://www.pioneer.com,1-917-219-6954,Mining Rope Shovels,Landscaping,2904 units/year,23 yrs,Fiskars,High-durability,Medium,ISO 9001,Eco-friendly steel with circular reuse,5  national-level procurement,5  high potential buyer,Warm  seasonal projects
Middle East & Africa,6,Pioneer Equipment,Oil & Gas,"433 Market Ave, Dallas, TX",38,Carlos Brown,Operations Manager,carlos.brownpioneer.com,https://www.pioneer.com,1-426-808-8274,Hydraulic Shovel Attachments,Agriculture,2861 units/year,5 yrs,Fiskars,High-durability,Low,CE Certified,No formal sustainability initiative,3  moderate regional buyer,3  potential for OEM fit,Cold  steady procurement
Middle East & Africa,7,Frontier Industries,Oil & Gas,"134 Main St, Johannesburg, South Africa",100,Michael Miller,Supply Chain Director,michael.millerfrontier.com,https://www.frontier.com,1-508-498-2855,Hand/Garden Shovels,Earthmoving,6874 units/year,Annual,Bully Tools,High-durability,Medium,BIS Approved,No formal sustainability initiative,4  recurring shovel demand,3  potential for OEM fit,Cold  bulk sourcing
Middle East & Africa,8,Pioneer Industries,Construction,"606 Commerce Blvd, Dubai, UAE",59,John Anderson,Procurement Head,john.andersonpioneer.com,https://www.pioneer.com,1-995-429-9677,Hand/Garden Shovels,Road Work,9990 units/year,5 yrs,Bully Tools,Brand-specific,Medium,OSHA Compliant,Recycled materials and low-emission supply chain,3  moderate regional buyer,4  compatible with shovel categories,Hot  bulk sourcing
Middle East & Africa,9,Pioneer Supplies,Construction,"768 Industrial Rd, Toronto, ON",71,Sarah Brown,Category Lead,sarah.brownpioneer.com,https://www.pioneer.com,1-561-217-2635,Heavy Earthmoving Shovels,Earthmoving,9302 units/year,Annual,Truper,Economy,High,BIS Approved,No formal sustainability initiative,5  national-level procurement,3  potential for OEM fit,Cold  steady procurement
Middle East & Africa,10,Summit Corporation,Construction,"869 Industrial Rd, Dallas, TX",50,David Johnson,Category Lead,david.johnsonsummit.com,https://www.summit.com,1-242-873-4355,Heavy Earthmoving Shovels,Landscaping,7540 units/year,5 yrs,Bully Tools,Economy,Medium,BIS Approved,No formal sustainability initiative,5  national-level procurement,4  compatible with shovel categories,Warm  seasonal projects
Middle East & Africa,11,Summit Corporation,Mining,"475 Commerce Blvd, Toronto, ON",10,Priya Johnson,Supply Chain Director,priya.johnsonsummit.com,https://www.summit.com,1-507-834-6352,Hand/Garden Shovels,Construction,3520 units/year,5 yrs,Truper,Brand-specific,High,ISO 9001,Eco-friendly steel with circular reuse,5  national-level procurement,3  potential for OEM fit,Warm  bulk sourcing
Middle East & Africa,12,Atlas Equipment,Oil & Gas,"703 Industrial Rd, Johannesburg, South Africa",83,Ahmed Patel,Operations Manager,ahmed.patelatlas.com,https://www.atlas.com,1-405-885-9183,Heavy Earthmoving Shovels,Mining,3091 units/year,5 yrs,True Temper,Economy,Medium,BIS Approved,Recycled materials and low-emission supply chain,3  moderate regional buyer,5  high potential buyer,Hot  bulk sourcing
Middle East & Africa,13,Pioneer Industries,Construction,"297 Market Ave, Toronto, ON",72,Emily Ali,Procurement Head,emily.alipioneer.com,https://www.pioneer.com,1-721-576-6141,Heavy Earthmoving Shovels,Construction,5030 units/year,5 yrs,True Temper,Brand-specific,Low,ISO 9001,Eco-friendly steel with circular reuse,4  recurring shovel demand,4  compatible with shovel categories,Warm  steady procurement
Middle East & Africa,14,Frontier Supplies,Mining,"769 Market Ave, Dubai, UAE",100,Sarah Ali,Category Lead,sarah.alifrontier.com,https://www.frontier.com,1-606-624-7360,Hand/Garden Shovels,Agriculture,10722 units/year,23 yrs,Bully Tools,Brand-specific,Low,ISO 9001,Eco-friendly steel with circular reuse,3  moderate regional buyer,4  compatible with shovel categories,Warm  bulk sourcing
Middle East & Africa,15,Frontier Industries,Mining,"288 Commerce Blvd, Toronto, ON",100,Emily Smith,Branch Buyer,emily.smithfrontier.com,https://www.frontier.com,1-662-827-8784,Hydraulic Shovel Attachments,Construction,3288 units/year,23 yrs,True Temper,High-durability,High,BIS Approved,No formal sustainability initiative,5  national-level procurement,5  high potential buyer,Cold  steady procurement
Middle East & Africa,16,Evergreen Equipment,Oil & Gas,"904 Market Ave, Santiago, Chile",74,Omar Smith,Procurement Head,omar.smithevergreen.com,https://www.evergreen.com,1-482-730-2843,Heavy Earthmoving Shovels,Construction,5794 units/year,5 yrs,True Temper,High-durability,High,BIS Approved,Eco-friendly steel with circular reuse,4  recurring shovel demand,5  high potential buyer,Hot  steady procurement
Middle East & Africa,17,Evergreen Enterprises,Oil & Gas,"698 Industrial Rd, Dubai, UAE",43,Omar Ali,Category Lead,omar.alievergreen.com,https://www.evergreen.com,1-651-554-2084,Hand/Garden Shovels,Landscaping,5034 units/year,Annual,True Temper,High-durability,Low,BIS Approved,Eco-friendly steel with circular reuse,3  moderate regional buyer,4  compatible with shovel categories,Warm  seasonal projects
Middle East & Africa,18,Atlas Supplies,Oil & Gas,"240 Market Ave, Dubai, UAE",66,Sarah Patel,Category Lead,sarah.patelatlas.com,https://www.atlas.com,1-797-215-7263,Hand/Garden Shovels,Agriculture,5596 units/year,23 yrs,Stanley,Economy,High,ISO 9001,No formal sustainability initiative,4  recurring shovel demand,4  compatible with shovel categories,Cold  bulk sourcing
Middle East & Africa,19,Frontier Enterprises,Construction,"172 Market Ave, Dubai, UAE",38,Priya Patel,Branch Buyer,priya.patelfrontier.com,https://www.frontier.com,1-274-501-7615,Hydraulic Shovel Attachments,Road Work,8471 units/year,Annual,Truper,Brand-specific,Low,ISO 9001,Recycled materials and low-emission supply chain,3  moderate regional buyer,5  high potential buyer,Hot  bulk sourcing
Middle East & Africa,20,Evergreen Corporation,Construction,"635 Market Ave, Johannesburg, South Africa",21,John Smith,Supply Chain Director,john.smithevergreen.com,https://www.evergreen.com,1-831-319-8791,Heavy Earthmoving Shovels,Earthmoving,6071 units/year,Annual,Truper,High-durability,Medium,CE Certified,Eco-friendly steel with circular reuse,4  recurring shovel demand,3  potential for OEM fit,Warm  seasonal projects
Middle East & Africa,21,BlueRock Enterprises,Mining,"365 Main St, Berlin, Germany",88,Emily Johnson,Category Lead,emily.johnsonbluerock.com,https://www.bluerock.com,1-606-387-6427,Hand/Garden Shovels,Mining,3816 units/year,23 yrs,Bully Tools,Economy,Medium,OSHA Compliant,No formal sustainability initiative,4  recurring shovel demand,5  high potential buyer,Cold  seasonal projects
Middle East & Africa,22,Summit Equipment,Oil & Gas,"702 Market Ave, Toronto, ON",89,Michael Anderson,Supply Chain Director,michael.andersonsummit.com,https://www.summit.com,1-629-588-7064,Hydraulic Shovel Attachments,Agriculture,6510 units/year,Annual,Stanley,High-durability,High,CE Certified,Recycled materials and low-emission supply chain,4  recurring shovel demand,5  high potential buyer,Warm  steady procurement
Middle East & Africa,23,Pioneer Equipment,Construction,"520 Commerce Blvd, Tokyo, Japan",12,Priya Ali,Operations Manager,priya.alipioneer.com,https://www.pioneer.com,1-306-253-6212,Heavy Earthmoving Shovels,Road Work,10055 units/year,23 yrs,Bully Tools,Brand-specific,Low,CE Certified,Minimal packaging waste policy,4  recurring shovel demand,4  compatible with shovel categories,Warm  bulk sourcing
Middle East & Africa,24,Summit Holdings,Construction,"565 Commerce Blvd, Tokyo, Japan",14,John Miller,Operations Manager,john.millersummit.com,https://www.summit.com,1-748-971-6664,Hand/Garden Shovels,Earthmoving,11861 units/year,Annual,Fiskars,Brand-specific,High,ISO 9001,Recycled materials and low-emission supply chain,3  moderate regional buyer,5  high potential buyer,Hot  bulk sourcing
Middle East & Africa,25,Summit Holdings,Oil & Gas,"128 Commerce Blvd, Johannesburg, South Africa",96,Priya Garcia,Category Lead,priya.garciasummit.com,https://www.summit.com,1-819-425-8969,Hand/Garden Shovels,Agriculture,5680 units/year,5 yrs,Truper,Brand-specific,Medium,ISO 9001,Recycled materials and low-emission supply chain,5  national-level procurement,5  high potential buyer,Cold  steady procurement
